DOI,来源,研究方向,文献类型,论文标题,CR_学科,CR_摘要,CR_作者和机构,CR_参考文献DOI,CR_文献类型,CR_出版商
10.1093/molbev/msab120,MOLECULAR BIOLOGY AND EVOLUTION,0710 Biology; 1001 Basic Medicine,Article,MEGA11 Molecular Evolutionary Genetics Analysis Version 11,[],"Abstract
               The Molecular Evolutionary Genetics Analysis (MEGA) software has matured to contain a large collection of methods and tools of computational molecular evolution. Here, we describe new additions that make MEGA a more comprehensive tool for building timetrees of species, pathogens, and gene families using rapid relaxed-clock methods. Methods for estimating divergence times and confidence intervals are implemented to use probability densities for calibration constraints for node-dating and sequence sampling dates for tip-dating analyses. They are supported by new options for tagging sequences with spatiotemporal sampling information, an expanded interactive Node Calibrations Editor, and an extended Tree Explorer to display timetrees. Also added is a Bayesian method for estimating neutral evolutionary probabilities of alleles in a species using multispecies sequence alignments and a machine learning method to test for the autocorrelation of evolutionary rates in phylogenies. The computer memory requirements for the maximum likelihood analysis are reduced significantly through reprogramming, and the graphical user interface has been made more responsive and interactive for very big data sets. These enhancements will improve the user experience, quality of results, and the pace of biological discovery. Natively compiled graphical user interface and command-line versions of MEGA11 are available for Microsoft Windows, Linux, and macOS from www.megasoftware.net.","[('Koichiro Tamura', 'Department of Biological Sciences, Tokyo Metropolitan University, Tokyo, Japan'), ('Koichiro Tamura', 'Research Center for Genomics and Bioinformatics, Tokyo Metropolitan University, Tokyo, Japan'), ('Glen Stecher', 'Institute for Genomics and Evolutionary Medicine, Temple University, Philadelphia, PA, USA'), ('Sudhir Kumar', 'Institute for Genomics and Evolutionary Medicine, Temple University, Philadelphia, PA, USA'), ('Sudhir Kumar', 'Department of Biology, Temple University, Philadelphia, PA, USA'), ('Sudhir Kumar', 'Center for Excellence in Genome Medicine and Research, King Abdulaziz University, Jeddah, Saudi Arabia')]","['10.1093/molbev/msy098', '10.1126/sciadv.1501005', '10.3389/fgene.2014.00138', '10.1017/CBO9780511623486', '10.1093/molbev/msy096', '10.1093/bioinformatics/bts507', '10.1093/molbev/msw054', '10.1093/bioinformatics/17.12.1244', '10.1093/bib/5.2.150', '10.1093/molbev/msv198', '10.1126/science.1211028', '10.1186/s12862-019-1455-7', '10.1093/molbev/msy107', '10.1093/molbev/msz312', '10.1073/pnas.1213199109', '10.1093/molbev/msr121', '10.1093/molbev/mst197', '10.1093/molbev/msz014', '10.1007/978-3-030-60181-2_12', '10.1093/molbev/msz236']",journal-article,Oxford University Press (OUP)
10.1016/j.cell.2020.02.052,CELL,1001 Basic Medicine; 0710 Biology,Article,SARS-CoV-2 Cell Entry Depends on ACE2 and TMPRSS2 and Is Blocked by a Clinically Proven Protease Inhibitor,[],,"[('Markus Hoffmann', ''), ('Hannah Kleine-Weber', ''), ('Simon Schroeder', ''), ('Nadine Krüger', ''), ('Tanja Herrler', ''), ('Sandra Erichsen', ''), ('Tobias S. Schiergens', ''), ('Georg Herrler', ''), ('Nai-Huei Wu', ''), ('Andreas Nitsche', ''), ('Marcel A. Müller', ''), ('Christian Drosten', ''), ('Stefan Pöhlmann', '')]","['10.1371/journal.pone.0025858', '10.1128/JVI.00239-10', '10.1371/journal.pone.0035876', '10.1128/JVI.76.22.11186-11198.2002', '10.1371/journal.pone.0189073', '10.2807/ese.18.08.20406-en', '10.1016/S0140-6736(20)30154-9', '10.1007/s00108-019-00671-5', '10.2807/1560-7917.ES.2020.25.3.2000045', '10.1038/nrmicro.2016.81', '10.1002/path.1560', '10.1146/annurev-med-051215-031152', '10.1038/nature12711', '10.1128/JVI.00128-13', '10.1128/JVI.02232-10', '10.1084/jem.20050828', '10.1126/science.1087139', '10.1073/pnas.0711241105', '10.1002/path.1570', '10.1128/JVI.00083-06', '10.1371/journal.pone.0072942', '10.1016/j.bbrc.2004.05.114', '10.1128/JVI.78.12.6134-6142.2004', '10.1073/pnas.0409465102', '10.1038/nature03712', '10.1128/JVI.01815-18', '10.1128/JVI.00094-12', '10.1128/MCB.26.3.965-975.2006', '10.1038/s41598-018-34859-w', '10.1128/JVI.01381-18', '10.1038/nm1267', '10.1093/molbev/msy096', '10.1073/pnas.0506735102', '10.1038/nature02145', '10.1126/science.1116480', '10.1038/sj.emboj.7600640', '10.1073/pnas.1712592114', '10.1177/135965350701200702', '10.1086/500469', '10.1128/JVI.01542-10', '10.1128/JVI.01774-19', '10.1056/NEJMp2000929', '10.1073/pnas.1608147113', '10.1038/s41594-019-0334-7', '10.1038/nature12005', '10.1016/j.humpath.2004.11.006', '10.1016/j.virol.2017.11.012', '10.1128/JVI.02062-10', '10.1073/pnas.0505577102', '10.1016/S0140-6736(20)30185-9', '10.1038/srep39668', '10.1128/AAC.01043-16', '10.1073/pnas.1405889111', '10.1128/JVI.01279-15', '10.1038/357420a0', '10.1016/j.antiviral.2015.01.011', '10.1038/s41586-020-2951-z', '10.1056/NEJMoa2001017']",journal-article,Elsevier BV
10.1093/molbev/msaa015,MOLECULAR BIOLOGY AND EVOLUTION,1001 Basic Medicine; 0710 Biology,Article,IQ-TREE 2: New Models and Efficient Methods for Phylogenetic Inference in the Genomic Era,[],"AbstractIQ-TREE (http://www.iqtree.org, last accessed February 6, 2020) is a user-friendly and widely used software package for phylogenetic inference using maximum likelihood. Since the release of version 1 in 2014, we have continuously expanded IQ-TREE to integrate a plethora of new models of sequence evolution and efficient computational approaches of phylogenetic inference to deal with genomic data. Here, we describe notable features of IQ-TREE version 2 and highlight the key advantages over other software.","[('Bui Quang Minh', 'Research School of Computer Science, Australian National University, Canberra, ACT, Australia'), ('Bui Quang Minh', 'Department of Ecology and Evolution, Research School of Biology, Australian National University, Canberra, ACT, Australia'), ('Heiko A Schmidt', 'Center for Integrative Bioinformatics Vienna, Max Perutz Labs, University of Vienna and Medical University of Vienna, Vienna, Austria'), ('Olga Chernomor', 'Center for Integrative Bioinformatics Vienna, Max Perutz Labs, University of Vienna and Medical University of Vienna, Vienna, Austria'), ('Dominik Schrempf', 'Center for Integrative Bioinformatics Vienna, Max Perutz Labs, University of Vienna and Medical University of Vienna, Vienna, Austria'), ('Dominik Schrempf', 'Department of Biological Physics, Eötvös Lórand University, Budapest, Hungary'), ('Michael D Woodhams', 'Discipline of Mathematics, University of Tasmania, Hobart, TAS, Australia'), ('Arndt von Haeseler', 'Center for Integrative Bioinformatics Vienna, Max Perutz Labs, University of Vienna and Medical University of Vienna, Vienna, Austria'), ('Arndt von Haeseler', 'Bioinformatics and Computational Biology, Faculty of Computer Science, University of Vienna, Vienna, Austria'), ('Robert Lanfear', 'Department of Ecology and Evolution, Research School of Biology, Australian National University, Canberra, ACT, Australia')]","['10.1093/nar/gky379', '10.1080/10635150600755453', '10.1093/sysbio/syr041', '10.1093/bioinformatics/bty384', '10.1038/s41587-019-0209-9', '10.1080/10635150600975218', '10.1089/cmb.2015.0146', '10.1093/sysbio/syw037', '10.1093/sysbio/syz051', '10.1186/s12862-016-0837-3', '10.1186/s13059-015-0721-2', '10.1007/BF01734359', '10.1371/journal.pone.0048990', '10.1093/oxfordjournals.molbev.a025808', '10.1093/sysbio/syq010', '10.1093/bioinformatics/bty407', '10.1093/molbev/msx281', '10.1038/nmeth.4285', '10.1093/bioinformatics/btz305', '10.1093/molbev/mss020', '10.1093/molbev/mss112', '10.1093/sysbio/syq002', '10.1098/rstb.2008.0180', '10.1017/CBO9780511819049', '10.1080/106351501753462876', '10.1093/molbev/msh194', '10.1101/487801', '10.1093/molbev/mst024', '10.1093/bioinformatics/btu462', '10.1137/1020098', '10.1093/bioinformatics/bty839', '10.1093/molbev/msu300', '10.1017/CBO9780511810633', '10.1371/journal.pone.0009490', '10.1126/science.1206357', '10.1093/bioinformatics/18.3.502', '10.1016/j.jtbi.2016.07.042', '10.1093/molbev/msz043', '10.1080/10635150290069913', '10.1093/oxfordjournals.molbev.a026201', '10.1093/bioinformatics/17.12.1246', '10.1093/bioinformatics/btu033', '10.1098/rspb.2001.1862', '10.1073/pnas.94.13.6815', '10.1093/sysbio/syx068', '10.1038/s41559-017-0331-3', '10.1093/sysbio/syv021', '10.1007/BF00178256', '10.1007/BF00160154', '10.1093/molbev/msx302']",journal-article,Oxford University Press (OUP)
10.1016/j.cell.2021.04.048,CELL,0710 Biology; 1001 Basic Medicine,Article,Integrated analysis of multimodal single-cell data,[],,"[('Yuhan Hao', ''), ('Stephanie Hao', ''), ('Erica Andersen-Nissen', ''), ('William M. Mauck', ''), ('Shiwei Zheng', ''), ('Andrew Butler', ''), ('Maddie J. Lee', ''), ('Aaron J. Wilk', ''), ('Charlotte Darby', ''), ('Michael Zager', ''), ('Paul Hoffman', ''), ('Marlon Stoeckius', ''), ('Efthymia Papalexi', ''), ('Eleni P. Mimitou', ''), ('Jaison Jain', ''), ('Avi Srivastava', ''), ('Tim Stuart', ''), ('Lamar M. Fleming', ''), ('Bertrand Yeung', ''), ('Angela J. Rogers', ''), ('Juliana M. McElrath', ''), ('Catherine A. Blish', ''), ('Raphael Gottardo', ''), ('Peter Smibert', ''), ('Rahul Satija', '')]","['10.3389/fimmu.2018.01869', '10.1073/pnas.75.4.1938', '10.1093/bioinformatics/bty1044', '10.1186/s13059-020-02015-1', '10.1016/j.patcog.2010.12.015', '10.1126/science.1198704', '10.1038/nbt.2317', '10.1016/j.jim.2007.02.003', '10.1126/science.aau0730', '10.1038/s41586-019-0969-x', '10.1038/s41423-019-0214-4', '10.1038/s41587-019-0290-0', '10.1038/s41467-018-03149-4', '10.3389/fimmu.2018.01904', '10.1016/j.cell.2018.06.052', '10.1007/BF03187330', '10.1016/j.ymeth.2015.05.008', '10.1038/s41587-020-0465-8', '10.1038/s41592-019-0692-4', '10.1371/journal.pone.0202753', '10.1038/nrc2503', '10.1002/cyto.a.22271', '10.1038/s41586-019-1198-z', '10.1016/j.it.2019.09.004', '10.1007/s00134-013-3163-x', '10.1186/s13059-019-1874-1', '10.1038/nmeth.3971', '10.1038/nbt.4091', '10.1016/j.jim.2014.06.002', '10.3389/fimmu.2020.01014', '10.1073/pnas.1902649116', '10.1016/j.cell.2006.07.035', '10.1126/science.1247651', '10.4110/in.2015.15.4.186', '10.1038/nmeth.4644', '10.1038/s41591-020-0769-8', '10.1016/j.immuni.2015.02.013', '10.1016/j.cell.2015.05.047', '10.1128/CVI.00263-17', '10.3389/fimmu.2018.01012', '10.1186/s13059-016-0947-7', '10.1016/j.cell.2020.09.056', '10.4049/jimmunol.1402661', '10.1038/s41587-020-0469-4', '10.1038/s41592-019-0392-0', '10.1038/nri.2017.76', '10.1038/nbt.3973', '10.1038/nprot.2014.006', '10.7554/eLife.23203', '10.1016/j.celrep.2016.11.055', '10.1146/annurev-immunol-080719-015428', '10.1126/science.aaw1219', '10.1038/nri.2016.56', '10.1016/j.immuni.2015.02.008', '10.1126/science.aag3009', '10.1002/eji.201445295', '10.1186/s13059-019-1670-y', '10.1038/nmeth.4380', '10.1186/s13059-018-1603-1', '10.1016/j.cell.2019.05.031', '10.1126/science.aan6828', '10.1126/sciimmunol.aas9673', '10.3389/fimmu.2018.00515', '10.1016/j.cell.2018.05.061', '10.1097/QAD.0000000000002488', '10.1038/s41592-019-0548-y', '10.1126/science.aah4573', '10.4049/jimmunol.1900052', '10.1140/epjb/e2013-40829-0', '10.1038/s41591-020-0944-y', '10.4049/jimmunol.1701213', '10.1016/j.cels.2018.11.005', '10.1073/pnas.1208972109', '10.1186/gb-2008-9-9-r137', '10.1038/s41592-019-0691-5']",journal-article,Elsevier BV
10.1016/j.cell.2020.02.058,CELL,1001 Basic Medicine; 0710 Biology,Article,"Structure, Function, and Antigenicity of the SARS-CoV-2 Spike Glycoprotein",[],,"[('Alexandra C. Walls', ''), ('Young-Jun Park', ''), ('M. Alejandra Tortorici', ''), ('Abigail Wall', ''), ('Andrew T. McGuire', ''), ('David Veesler', '')]","['10.1038/nsmb.3115', '10.1128/mBio.00373-17', '10.1093/nar/gkw408', '10.1038/nmeth.3541', '10.1073/pnas.0809524106', '10.1128/JVI.77.16.8801-8811.2003', '10.1128/JVI.00415-08', '10.1107/S1399004714021683', '10.1371/journal.ppat.1004502', '10.1107/S0907444909042073', '10.1126/science.1092002', '10.1073/pnas.1510199112', '10.1056/NEJMoa030747', '10.1002/gch2.1018', '10.1107/S0907444910007493', '10.1016/j.str.2018.09.006', '10.1038/nature12711', '10.1128/JVI.02232-10', '10.1016/j.jsb.2006.06.010', '10.1002/pro.3235', '10.1126/science.1087139', '10.1038/cr.2016.152', '10.1016/S1473-3099(13)70690-X', '10.3390/v4040557', '10.1371/journal.ppat.1006698', '10.1073/pnas.1809667116', '10.1074/jbc.M603275200', '10.1128/JVI.79.18.11892-11900.2005', '10.1038/nature17200', '10.1038/s41598-018-34171-7', '10.1016/0966-842X(94)90123-6', '10.1056/NEJMoa030781', '10.1038/s41564-020-0688-y', '10.1128/JVI.00442-08', '10.1038/nature02145', '10.1128/JVI.78.20.11429-11433.2004', '10.1126/science.1116480', '10.1126/science.1118391', '10.1038/sj.emboj.7600640', '10.1073/pnas.1712592114', '10.7554/eLife.51230', '10.1107/S2059798319011471', '10.1038/nature12328', '10.1128/JVI.00079-09', '10.1128/JVI.01542-10', '10.3201/eid1911.131172', '10.1038/nm.3985', '10.1073/pnas.1517719113', '10.1073/pnas.1407087111', '10.1016/j.virusres.2014.11.021', '10.21769/BioProtoc.2035', '10.1093/protein/11.4.329', '10.1073/pnas.1707304114', '10.1073/pnas.1608147113', '10.1038/s41594-019-0334-7', '10.1038/nmeth.4169', '10.1038/nature12005', '10.1128/JVI.01085-07', '10.1128/JVI.02377-07', '10.1086/651022', '10.1128/JVI.72.1.497-503.1998', '10.1038/nmeth.2115', '10.1128/JVI.02062-10', '10.1371/journal.ppat.1007236', '10.1006/viro.1999.9716', '10.1073/pnas.0307140101', '10.1016/j.jsb.2005.03.010', '10.1038/s41592-019-0580-y', '10.1080/22221751.2020.1729069', '10.1016/bs.aivir.2019.08.002', '10.1038/s41594-019-0233-y', '10.1038/nm1080', '10.1073/pnas.85.12.4526', '10.1038/nature16988', '10.1038/nsmb.3293', '10.1002/pro.3048', '10.1073/pnas.1708727114', '10.1016/j.cell.2018.12.028', '10.1128/JVI.00127-20', '10.3201/eid1112.041293', '10.1016/j.chom.2014.08.009', '10.7554/eLife.17219', '10.1074/jbc.C300520200', '10.1038/s41467-017-01706-x', '10.1126/science.abb2507', '10.1073/pnas.0908837106', '10.1128/JVI.01628-17', '10.1073/pnas.1405889111', '10.1128/JVI.02582-15', '10.1128/JVI.01279-15', '10.1038/ncomms15092', '10.1056/NEJMoa1211721', '10.1128/JVI.78.13.6938-6945.2004', '10.1038/s41586-020-2951-z', '10.1056/NEJMoa2001017', '10.7554/eLife.42166', '10.1107/S205225251801463X']",journal-article,Elsevier BV
10.1038/s41580-020-00324-8,NATURE REVIEWS MOLECULAR CELL BIOLOGY,0710 Biology; 1001 Basic Medicine,Review,"Ferroptosis: mechanisms, biology and role in disease",[],,"[('Xuejun Jiang', ''), ('Brent R. Stockwell', ''), ('Marcus Conrad', '')]","['10.1016/j.cell.2012.03.042', '10.1083/jcb.201605110', '10.7554/eLife.37503', '10.1111/nph.16636', '10.7554/eLife.56580', '10.2174/1568026013394741', '10.1126/science.122.3168.501', '10.1016/S0021-9258(18)64190-0', '10.1016/0076-6879(95)51106-7', '10.1016/S0021-9258(19)85901-X', '10.1074/jbc.274.17.11455', '10.1073/pnas.97.10.5101', '10.1016/S0891-5849(02)01360-6', '10.1038/sj.onc.1210796', '10.1074/jbc.M110.121327', '10.1016/j.cmet.2008.07.005', '10.1038/bjc.1972.33', '10.1038/s41418-017-0012-4', '10.1016/S1535-6108(03)00050-3', '10.1038/nature05859', '10.1016/j.cell.2013.12.010', '10.7554/eLife.02523', '10.1016/0005-2760(82)90150-3', '10.1016/0304-4165(85)90182-5', '10.1089/ars.2017.7115', '10.1021/ja01569a087', '10.1038/1841148a0', '10.1038/s41589-019-0408-1', '10.1039/qr9540800147', '10.1038/nchembio.2239', '10.1021/acschembio.5b00245', '10.1038/nchembio.2238', '10.1074/jbc.M010793200', '10.1016/j.chembiol.2018.11.016', '10.1073/pnas.1603244113', '10.1158/0008-5472.CAN-19-0369', '10.1038/nature23007', '10.1083/jcb.201701136', '10.1038/s41586-019-1426-6', '10.1038/s41418-019-0299-4', '10.1038/s41422-019-0263-3', '10.1007/BF02536034', '10.1016/j.bbalip.2014.10.002', '10.1016/S0896-6273(00)80953-8', '10.1161/01.STR.0000249004.25444.a5', '10.1161/STROKEAHA.108.514927', '10.1038/ncb3064', '10.1084/jem.20140857', '10.1021/acscentsci.7b00028', '10.1021/acscentsci.7b00589', '10.1038/s41556-019-0305-6', '10.1038/s41418-018-0173-9', '10.1038/s41568-019-0149-1', '10.1016/j.cell.2017.09.044', '10.1073/pnas.0307308101', '10.1016/j.bbalip.2017.11.005', '10.1172/JCI99490', '10.1038/s41589-020-0472-6', '10.1023/A:1006841228483', '10.1146/annurev.physiol.69.031905.164337', '10.1080/15548627.2016.1187366', '10.1038/cr.2016.95', '10.1016/j.molcel.2015.06.011', '10.1038/mp.2017.171', '10.1016/j.devcel.2019.10.007', '10.18632/oncotarget.5162', '10.1002/hep.28251', '10.1161/CIRCRESAHA.120.316509', '10.1182/blood.2019002907', '10.1016/j.molcel.2018.10.042', '10.1038/s41556-018-0201-5', '10.1083/jcb.141.6.1423', '10.1021/acs.jafc.9b07426', '10.1371/journal.pone.0227278', '10.1105/tpc.18.00535', '10.1038/s41556-020-0461-8', '10.1038/s41392-020-00297-2', '10.1038/s41586-019-1705-2', '10.1038/s41586-019-1707-0', '10.1038/17135', '10.1074/jbc.M202285200', '10.1016/S0014-5793(02)03049-1', '10.1016/j.bbadis.2020.165746', '10.1074/jbc.M115.641498', '10.1016/0304-4165(70)90228-X', '10.1021/acscentsci.9b01063', '10.1038/s41589-020-0613-y', '10.1016/j.ydbio.2014.12.025', '10.1038/s41586-019-0945-5', '10.1016/j.chembiol.2020.03.011', '10.1016/j.chembiol.2020.03.012', '10.1016/j.cell.2017.11.048', '10.1016/j.cell.2019.03.032', '10.1074/jbc.M110.216028', '10.1016/S0014-5793(99)00866-2', '10.1101/gad.466308', '10.1096/fj.09-132795', '10.1016/j.freeradbiomed.2015.06.011', '10.1038/nchembio.2079', '10.1038/s41589-018-0031-6', '10.1038/s41418-019-0352-3', '10.1006/bbrc.1999.1123', '10.1093/nar/gks409', '10.1016/j.molcel.2019.12.002', '10.1101/gad.334219.119', '10.3892/ijo.2017.4006', '10.1016/j.devcel.2010.09.011', '10.1016/j.ceb.2008.10.001', '10.1593/neo.91782', '10.1016/j.celrep.2019.07.107', '10.1016/j.yexcr.2017.03.001', '10.1126/science.1250256', '10.1038/nrc.2016.77', '10.1002/1097-0142(20000601)88:11<2584::AID-CNCR22>3.0.CO;2-5', '10.1161/CIRCRESAHA.117.311401', '10.1016/j.cellsig.2012.01.008', '10.1038/s41580-020-0230-3', '10.1038/nature14344', '10.1016/j.celrep.2016.09.022', '10.1101/gad.275891.115', '10.1016/j.celrep.2017.07.055', '10.1016/j.celrep.2017.12.077', '10.1038/s41556-018-0178-0', '10.1038/ng849', '10.1016/j.cell.2019.04.024', '10.1042/bj3100547', '10.1038/s41586-019-1170-y', '10.1096/fasebj.13.1.143', '10.1038/nature24297', '10.1016/j.ccell.2018.03.017', '10.1111/nyas.13008', '10.1038/nrc3495', '10.1016/j.ccell.2018.03.022', '10.1016/j.tcb.2015.05.002', '10.1152/physrev.00005.2014', '10.1007/s11912-019-0820-4', '10.1038/ng.3520', '10.1016/j.ccell.2019.04.002', '10.1172/JCI99032', '10.1021/jacs.8b01462', '10.1021/jacs.9b10769', '10.1038/s41589-020-0501-5', '10.1074/jbc.M506439200', '10.1126/scitranslmed.aaa8103', '10.1523/JNEUROSCI.5258-04.2005', '10.1016/j.chembiol.2019.01.008', '10.1038/onc.2008.414', '10.1038/nm1772', '10.1073/pnas.1814932116', '10.1158/0008-5472.CAN-18-3855', '10.1073/pnas.1821323116', '10.1126/science.aaw9872', '10.1002/ijc.33262', '10.1038/sj.onc.1209121', '10.1021/acschembio.9b00939', '10.1158/2159-8290.CD-19-0338', '10.1186/s12950-019-0216-0', '10.1080/09553002.2020.1708993', '10.1161/CIR.0000000000000485', '10.1007/s00424-010-0809-1', '10.1074/jbc.M115.680090', '10.1016/j.redox.2017.01.021', '10.1096/fj.09-143974', '10.1111/jnc.13425', '10.1016/j.freeradbiomed.2018.09.033', '10.1073/pnas.1821022116', '10.1073/pnas.1415518111', '10.1681/ASN.2015121376', '10.1016/j.chembiol.2020.03.016', '10.1016/j.bbrc.2019.01.090', '10.1016/j.redox.2016.05.003', '10.1172/JCI126428', '10.1016/j.tips.2020.01.010', '10.1016/j.cell.2017.09.021', '10.1038/nchem.2778', '10.1016/j.celrep.2020.02.049', '10.1021/jacs.6b08016', '10.1089/ars.2013.5593', '10.1080/15548627.2018.1503146', '10.1111/jnc.14604', '10.1038/s41418-018-0179-3', '10.1084/jem.20181776', '10.1016/j.toxlet.2018.12.007', '10.1038/s41467-019-10991-7', '10.1016/j.stem.2019.09.003', '10.1161/CIRCRESAHA.113.279984', '10.3324/haematol.2018.212977', '10.1001/jama.2011.1437', '10.1016/j.chembiol.2019.09.007']",journal-article,Springer Science and Business Media LLC
10.1038/s41422-020-0282-0,CELL RESEARCH,1001 Basic Medicine; 0710 Biology,Letter,Remdesivir and chloroquine effectively inhibit the recently emerged novel coronavirus (2019-nCoV) in vitro,[],,"[('Manli Wang', ''), ('Ruiyuan Cao', ''), ('Leike Zhang', ''), ('Xinglou Yang', ''), ('Jia Liu', ''), ('Mingyue Xu', ''), ('Zhengli Shi', ''), ('Zhihong Hu', ''), ('Wu Zhong', ''), ('Gengfu Xiao', '')]","['10.1016/S0140-6736(20)30183-5', '10.1038/nrd.2015.37', '10.1016/j.antiviral.2014.02.014', '10.1126/scitranslmed.aal3653', '10.1056/NEJMoa1910993', '10.1038/nature17180', '10.1016/S1473-3099(06)70361-9', '10.1038/cr.2012.165', '10.1186/1743-422X-2-69', '10.1016/0002-9343(83)91269-X']",journal-article,Springer Science and Business Media LLC
10.1093/cid/ciaa248,CLINICAL INFECTIOUS DISEASES,1001 Basic Medicine; 1004 Public Health and Preventive Medicine; 0710 Biology,Article,"Dysregulation of Immune Response in Patients With Coronavirus 2019 (COVID-19) in Wuhan, China",[],"Abstract
               
                  Background
                  In December 2019, coronavirus 2019 (COVID-19) emerged in Wuhan and rapidly spread throughout China.
               
               
                  Methods
                  Demographic and clinical data of all confirmed cases with COVID-19 on admission at Tongji Hospital from 10 January to 12 February 2020 were collected and analyzed. The data on laboratory examinations, including peripheral lymphocyte subsets, were analyzed and compared between patients with severe and nonsevere infection.
               
               
                  Results
                  Of the 452 patients with COVID-19 recruited, 286 were diagnosed as having severe infection. The median age was 58 years and 235 were male. The most common symptoms were fever, shortness of breath, expectoration, fatigue, dry cough, and myalgia. Severe cases tend to have lower lymphocyte counts, higher leukocyte counts and neutrophil-lymphocyte ratio (NLR), as well as lower percentages of monocytes, eosinophils, and basophils. Most severe cases demonstrated elevated levels of infection-related biomarkers and inflammatory cytokines. The number of T cells significantly decreased, and were more impaired in severe cases. Both helper T (Th) cells and suppressor T cells in patients with COVID-19 were below normal levels, with lower levels of Th cells in the severe group. The percentage of naive Th cells increased and memory Th cells decreased in severe cases. Patients with COVID-19 also have lower levels of regulatory T cells, which are more obviously decreased in severe cases.
               
               
                  Conclusions
                  The novel coronavirus might mainly act on lymphocytes, especially T lymphocytes. Surveillance of NLR and lymphocyte subsets is helpful in the early screening of critical illness, diagnosis, and treatment of COVID-19.","[('Chuan Qin', 'Department of Neurology, Tongji Hospital, Tongji Medical College, Huazhong University of Science and Technology, Wuhan, China'), ('Luoqi Zhou', 'Department of Neurology, Tongji Hospital, Tongji Medical College, Huazhong University of Science and Technology, Wuhan, China'), ('Ziwei Hu', 'Department of Neurology, Tongji Hospital, Tongji Medical College, Huazhong University of Science and Technology, Wuhan, China'), ('Shuoqi Zhang', 'Department of Radiology, Tongji Hospital, Tongji Medical College, Huazhong University of Science and Technology, Wuhan, China'), ('Sheng Yang', 'Department of Neurology, Tongji Hospital, Tongji Medical College, Huazhong University of Science and Technology, Wuhan, China'), ('Yu Tao', 'Department of Respiratory and Critical Care Medicine, Tongji Hospital, Tongji Medical College, Huazhong University of Science and Technology, Wuhan, China'), ('Cuihong Xie', 'Department of Emergency Medicine, Tongji Hospital, Tongji Medical College, Huazhong University of Science and Technology, Wuhan, China'), ('Ke Ma', 'Department of Infectious Diseases, Tongji Hospital, Tongji Medical College, Huazhong University of Science and Technology, Wuhan, China'), ('Ke Shang', 'Department of Neurology, Tongji Hospital, Tongji Medical College, Huazhong University of Science and Technology, Wuhan, China'), ('Wei Wang', 'Department of Neurology, Tongji Hospital, Tongji Medical College, Huazhong University of Science and Technology, Wuhan, China'), ('Dai-Shi Tian', 'Department of Neurology, Tongji Hospital, Tongji Medical College, Huazhong University of Science and Technology, Wuhan, China')]","['10.1016/S0140-6736(20)30183-5', '10.1016/S0140-6736(20)30211-7', '10.1101/2020.02.10.20021675', '10.1111/j.1365-2249.2004.02415.x', '10.1016/j.cyto.2018.01.025', '10.18632/aging.102595', '10.3389/fimmu.2018.00172', '10.1001/jama.2020.1585', '10.1371/journal.pone.0173947', '10.1155/2016/8191254', '10.7754/Clin.Lab.2018.180833', '10.1038/srep25359', '10.1007/s00281-017-0629-x', '10.1038/nri3547', '10.3389/fimmu.2013.00107', '10.1038/nri2785', '10.1016/S0092-8674(00)80856-9']",journal-article,Oxford University Press (OUP)
10.1172/JCI137244,JOURNAL OF CLINICAL INVESTIGATION,1001 Basic Medicine,Article,Clinical and immunological features of severe and moderate coronavirus disease 2019,[],,"[('Guang Chen', ''), ('Di Wu', ''), ('Wei Guo', ''), ('Yong Cao', ''), ('Da Huang', ''), ('Hongwu Wang', ''), ('Tao Wang', ''), ('Xiaoyun Zhang', ''), ('Huilong Chen', ''), ('Haijing Yu', ''), ('Xiaoping Zhang', ''), ('Minxia Zhang', ''), ('Shiji Wu', ''), ('Jianxin Song', ''), ('Tao Chen', ''), ('Meifang Han', ''), ('Shusheng Li', ''), ('Xiaoping Luo', ''), ('Jianping Zhao', ''), ('Qin Ning', '')]","['10.1056/NEJMoa030747', '10.1056/NEJMoa1211721', '10.1056/NEJMoa2001017', '10.3390/v12020135', '10.1056/NEJMoa2001316', '10.1016/S0140-6736(20)30154-9', '10.1038/s41586-020-2012-7', '10.1016/S0140-6736(20)30183-5', '10.1016/S0140-6736(20)30211-7', '10.1016/j.chom.2016.01.007', '10.4049/jimmunol.180.9.6411', '10.1615/CritRevImmunol.v18.i6.50', '10.1038/nri1270', '10.1016/S2213-2600(20)30076-X', '10.7326/M13-2486', '10.1093/infdis/jiv381', '10.1128/JVI.01281-09', '10.1073/pnas.1323279111', '10.4049/jimmunol.181.8.5490', '10.1093/infdis/jiv380', '10.1016/j.ijid.2004.07.014']",journal-article,American Society for Clinical Investigation
10.1177/0271678X20943823,JOURNAL OF CEREBRAL BLOOD FLOW AND METABOLISM,1001 Basic Medicine; 1002 Clinical Medicine,Article,The ARRIVE guidelines 2.0: Updated guidelines for reporting animal research*,[],"Reproducible science requires transparent reporting. The ARRIVE guidelines (Animal Research: Reporting of In Vivo Experiments) were originally developed in 2010 to improve the reporting of animal research. They consist of a checklist of information to include in publications describing in vivo experiments to enable others to scrutinise the work adequately, evaluate its methodological rigour, and reproduce the methods and results. Despite considerable levels of endorsement by funders and journals over the years, adherence to the guidelines has been inconsistent, and the anticipated improvements in the quality of reporting in animal research publications have not been achieved. Here, we introduce ARRIVE 2.0. The guidelines have been updated and information reorganised to facilitate their use in practice. We used a Delphi exercise to prioritise and divide the items of the guidelines into 2 sets, the “ARRIVE Essential 10,” which constitutes the minimum requirement, and the “Recommended Set,” which describes the research context. This division facilitates improved reporting of animal research by supporting a stepwise approach to implementation. This helps journal editors and reviewers verify that the most important items are being reported in manuscripts. We have also developed the accompanying Explanation and Elaboration document, which serves (1) to explain the rationale behind each item in the guidelines, (2) to clarify key concepts, and (3) to provide illustrative examples. We aim, through these changes, to help ensure that researchers, reviewers, and journal editors are better equipped to improve the rigour and transparency of the scientific process and thus reproducibility.","[('Nathalie Percie du Sert', 'Head of Experimental Design and Reporting, NC3Rs, London, United Kingdom'), ('Viki Hurst', 'Science Manager – Experimental Design and Reporting, NC3Rs, London, United Kingdom'), ('Amrita Ahluwalia', 'Professor of Vascular Pharmacology, Co-Director, The William Harvey Research Institute, London, United Kingdom'), ('Amrita Ahluwalia', 'Director of the Barts Cardiovascular CTU, Queen Mary University of London, London, United Kingdom'), ('Sabina Alam', 'Director of Publishing Ethics and Integrity, Taylor & Francis Group, London, United Kingdom'), ('Marc T. Avey', 'Lead Health Scientist, Health Science Practice, ICF, Durham, North Carolina, United States of America'), ('Monya Baker', 'Senior Editor, Opinion, Nature, San Francisco, California, United States of America'), ('William J. Browne', 'Professor of Statistics, School of Education, University of Bristol, Bristol, United Kingdom'), ('Alejandra Clark', 'Senior Editor, Team Manager – Life Sciences, PLOS ONE, Cambridge, United Kingdom'), ('Innes C. Cuthill', 'Professor of Behavioural Ecology, School of Biological Sciences, University of Bristol, Bristol, United Kingdom'), ('Ulrich Dirnagl', 'Director, QUEST Center for Transforming Biomedical Research, Berlin Institute of Health & Department of Experimental Neurology, Charite Universitätsmedizin Berlin, Berlin, Germany'), ('Michael Emerson', 'Reader in Platelet Pharmacology, National Heart and Lung Institute, Imperial College London, London, United Kingdom'), ('Paul Garner', 'Professor, and Director of the Centre for Evidence Synthesis in Global Health, Clinical Sciences Department, Liverpool School of Tropical Medicine, Liverpool, United Kingdom'), ('Stephen T. Holgate', 'MRC Clinical Professor, Clinical and Experimental Sciences, University of Southampton, Southampton, United Kingdom'), ('David W. Howells', 'Professor of Neuroscience and Brain Plasticity, Tasmanian School of Medicine, University of Tasmania, Hobart, Australia'), ('Natasha A. Karp', 'Principal Scientist – Statistician & UK Team Lead, Data Sciences & Quantitative Biology, Discovery Sciences, R&D, AstraZeneca, Cambridge, United Kingdom'), ('Stanley E. Lazic', 'Chief Scientific Officer, Prioris.ai Inc, Ottawa, Canada'), ('Katie Lidster', 'Programme Manager – Animal Welfare, NC3Rs, London, United Kingdom'), ('Catriona J. MacCallum', 'Director of Open Science, Hindawi Ltd, London, United Kingdom'), ('Malcolm Macleod', 'Professor of Neurology and Translational Neuroscience, Centre for Clinical Brain Sciences, University of Edinburgh, Edinburgh, United Kingdom'), ('Malcolm Macleod', 'Academic Lead for Research Improvement and Research Integrity, University of Edinburgh, Edinburgh, United Kingdom'), ('Esther J. Pearl', 'Programme Manager – Experimental Design, NC3Rs, London, United Kingdom'), ('Ole H. Petersen', 'Director of the Academia Europaea Knowledge Hub, Cardiff University, Cardiff, United Kingdom'), ('Frances Rawle', 'Director of Policy, Ethics and Governance, Medical Research Council, London, United Kingdom'), ('Penny Reynolds', 'Biostatistician, Statistics in Anesthesiology Research (STAR) Core & Research Assistant Professor, Department of Anesthesiology College of Medicine, University of Florida, Gainesville, Florida, United States of America'), ('Kieron Rooney', 'Associate Professor, Discipline of Exercise and Sport Science, Faculty of Medicine and Health, University of Sydney, Sydney, Australia'), ('Emily S. Sena', 'Stroke Association Kirby Laing Foundation Senior Non-Clinical Lecturer, Centre for Clinical Brain Sciences, University of Edinburgh, Edinburgh, United Kingdom'), ('Shai D. Silberberg', 'Director of Research Quality, National Institute of Neurological Disorders and Stroke, Bethesda, Maryland, United States of America'), ('Thomas Steckler', 'Associate Director, BRQC Animal Welfare Strategy Lead, Janssen Pharmaceutica NV, Beerse, Belgium'), ('Hanno Würbel', 'Professor for Animal Welfare, Veterinary Public Health Institute, Vetsuisse Faculty, University of Bern, Bern, Switzerland')]","['10.1126/scitranslmed.aaf5027', '10.1161/CIRCRESAHA.114.303819', '10.12688/f1000research.11334.1', '10.1371/journal.pbio.1002456', '10.1038/d41586-018-06178-7', '10.1073/pnas.1708274114', '10.1111/ejn.13519', '10.1017/CBO9781139344319', '10.1371/journal.pbio.2003779', '10.1017/9781139696647', '10.1371/journal.pbio.1002273', '10.1161/STROKEAHA.108.525386', '10.1016/j.pain.2008.08.017', '10.1111/j.1751-0813.1995.tb07534.x', '10.1001/jama.296.14.1731', '10.1371/journal.pone.0007824', '10.1371/journal.pmed.1000245', '10.1016/S0140-6736(13)62228-X', '10.1038/483531a', '10.1080/17482960701856300', '10.1258/la.2010.0010021', '10.1002/jgm.1473', '10.1371/journal.pbio.1000412', '10.1113/jphysiol.2010.192278', '10.1113/expphysiol.2010.053793', '10.1111/j.1476-5381.2010.00873.x', '10.1111/j.1939-165X.2012.00418.x', '10.1016/j.joca.2012.02.010', '10.4103/0976-500X.72351', '10.1371/journal.pone.0166733', '10.1371/journal.pone.0197882', '10.1186/s41073-019-0069-3', '10.1136/bmjos-2017-000035', '10.1371/journal.pone.0183591', '10.1161/CIRCRESAHA.117.310628', '10.1371/journal.pone.0165999', '10.1371/journal.pone.0200303', '10.7120/09627286.28.1.107', '10.1371/journal.pbio.3000411', '10.1038/nature11556', '10.1038/nbt.2261', '10.1038/sdata.2016.18', '10.1371/journal.pmed.1000217', '10.1080/15265160903318343', '10.7717/peerj.3208', '10.1371/journal.pone.0175583', '10.1124/mol.119.118927', '10.1136/jme.2008.024299', '10.1007/s11948-007-9011-z', '10.1038/nmeth.2471', '10.1111/bph.14153', '10.1038/d41586-018-07245-9']",journal-article,SAGE Publications
